state,area.name,fips,radon
AL,BALDWIN COUNTY,01003,0.7870005965
AL,BLOUNT COUNTY,01009,0.7533210516
AL,BUTLER COUNTY,01013,0.6967014074
AL,CALHOUN COUNTY,01015,1.433516741
AL,CHOCTAW COUNTY,01023,0.6580019593
AL,CLAY COUNTY,01027,0.8140476942
AL,COFFEE COUNTY,01031,1.122399211
AL,COLBERT COUNTY,01033,3.142414808
AL,CONECUH COUNTY,01035,0.6967019439
AL,COVINGTON COUNTY,01039,0.9547002912
AL,CRENSHAW COUNTY,01041,0.6709022522
AL,CULLMAN COUNTY,01043,0.9988327622
AL,DALLAS COUNTY,01047,0.7096016407
AL,DEKALB COUNTY,01049,1.061264992
AL,ELMORE COUNTY,01051,0.9393879771
AL,ETOWAH COUNTY,01055,0.7225015759
AL,HALE COUNTY,01065,0.7483021021
AL,HOUSTON COUNTY,01069,1.260009766
AL,JACKSON COUNTY,01071,1.032099843
AL,JEFFERSON COUNTY,01073,0.9367902279
AL,LAMAR COUNTY,01075,0.7311472297
AL,LAUDERDALE COUNTY,01077,1.76803863
AL,LEE COUNTY,01081,0.8078512549
AL,LIMESTONE COUNTY,01083,1.237178683
AL,MADISON COUNTY,01089,2.4918303489999998
AL,MARENGO COUNTY,01091,0.9160007834
AL,MARION COUNTY,01093,0.8346650004
AL,MARSHALL COUNTY,01095,0.7983728051
AL,MOBILE COUNTY,01097,0.6445418596
AL,MONTGOMERY COUNTY,01101,0.9523550868
AL,MORGAN COUNTY,01103,1.13569355
AL,PICKENS COUNTY,01107,0.490303427
AL,ST. CLAIR COUNTY,01115,0.9528042078
AL,SHELBY COUNTY,01117,0.8874757886
AL,TALLADEGA COUNTY,01121,1.775668979
AL,TALLAPOOSA COUNTY,01123,0.89518857
AL,TUSCALOOSA COUNTY,01125,1.199797988
AL,WALKER COUNTY,01127,1.177005887
AR,ARKANSAS COUNTY,05001,0.9934000373
AR,BAXTER COUNTY,05005,1.958487391
AR,BENTON COUNTY,05007,2.300610304
AR,BOONE COUNTY,05009,1.738636971
AR,CLAY COUNTY,05021,0.9676002264
AR,COLUMBIA COUNTY,05027,0.6322024465
AR,CONWAY COUNTY,05029,0.6193021536
AR,CRAIGHEAD COUNTY,05031,1.070799589
AR,CRAWFORD COUNTY,05033,0.9547001719
AR,CRITTENDEN COUNTY,05035,0.6838023663
AR,DREW COUNTY,05043,0.8902007341
AR,FAULKNER COUNTY,05045,0.8687078357
AR,GARLAND COUNTY,05051,1.446516156
AR,HOT SPRING COUNTY,05059,0.851500988
AR,INDEPENDENCE COUNTY,05063,1.277197719
AR,IZARD COUNTY,05065,2.270482779
AR,JEFFERSON COUNTY,05069,0.7096012235
AR,JOHNSON COUNTY,05071,1.032099724
AR,LAFAYETTE COUNTY,05073,0.7096022367
AR,LOGAN COUNTY,05083,0.9805000424
AR,LONOKE COUNTY,05085,0.6709007025
AR,MISSISSIPPI COUNTY,05093,1.199798226
AR,MONTGOMERY COUNTY,05097,2.283387184
AR,OUACHITA COUNTY,05103,0.5935022235
AR,POLK COUNTY,05113,1.367496729
AR,POPE COUNTY,05115,1.158386707
AR,PULASKI COUNTY,05119,0.803674221
AR,SALINE COUNTY,05125,1.302998662
AR,SCOTT COUNTY,05127,0.7612014413
AR,SEBASTIAN COUNTY,05131,0.7420372963
AR,STONE COUNTY,05137,0.980500102
AR,UNION COUNTY,05139,0.6064010262
AR,VAN BUREN COUNTY,05141,1.367496014
AR,WASHINGTON COUNTY,05143,1.32100451
AR,WHITE COUNTY,05145,1.083699703
AR,YELL COUNTY,05149,0.8773006797
CO,ADAMS COUNTY,08001,2.678905487
CO,ARAPAHOE COUNTY,08005,2.842882156
CO,BACA COUNTY,08009,2.87354064
CO,BENT COUNTY,08011,2.377105713
CO,BOULDER COUNTY,08013,2.518695831
CO,CHAFFEE COUNTY,08015,3.305353403
CO,CHEYENNE COUNTY,08017,3.019569635
CO,CLEAR CREEK COUNTY,08019,3.257597923
CO,CROWLEY COUNTY,08025,6.114625931
CO,DELTA COUNTY,08029,3.55780673
CO,DENVER COUNTY,08031,2.569365501
CO,DOUGLAS COUNTY,08035,3.149912596
CO,EAGLE COUNTY,08037,3.268540621
CO,ELBERT COUNTY,08039,3.089491606
CO,EL PASO COUNTY,08041,2.276154995
CO,FREMONT COUNTY,08043,2.803505182
CO,GARFIELD COUNTY,08045,3.214824915
CO,GRAND COUNTY,08049,2.88175869
CO,GUNNISON COUNTY,08051,3.763400316
CO,HUERFANO COUNTY,08055,4.073875427
CO,JEFFERSON COUNTY,08059,2.691430569
CO,KIOWA COUNTY,08061,5.728826523
CO,LAKE COUNTY,08065,2.481964588
CO,LA PLATA COUNTY,08067,2.591899633
CO,LARIMER COUNTY,08069,3.32251215
CO,LAS ANIMAS COUNTY,08071,2.475025892
CO,LINCOLN COUNTY,08073,3.275572062
CO,MESA COUNTY,08077,2.376886845
CO,MOFFAT COUNTY,08081,2.476322889
CO,MONTEZUMA COUNTY,08083,1.952797771
CO,MONTROSE COUNTY,08085,2.325638056
CO,OTERO COUNTY,08089,2.402995348
CO,PARK COUNTY,08093,5.313436031
CO,PITKIN COUNTY,08097,2.930104733
CO,PROWERS COUNTY,08099,2.541386127
CO,PUEBLO COUNTY,08101,2.577994347
CO,RIO BLANCO COUNTY,08103,0.7178524137
CO,ROUTT COUNTY,08107,3.7733
CO,SUMMIT COUNTY,08117,4.728799343
CO,TELLER COUNTY,08119,4.17523098
CO,WELD COUNTY,08123,2.261707783
CT,FAIRFIELD COUNTY,09001,1.298706055
CT,HARTFORD COUNTY,09003,0.6970809698
CT,LITCHFIELD COUNTY,09005,1.025445342
CT,MIDDLESEX COUNTY,09007,1.229234457
CT,NEW HAVEN COUNTY,09009,0.9798582792
CT,NEW LONDON COUNTY,09011,1.094511867
CT,TOLLAND COUNTY,09013,0.8667471409
CT,WINDHAM COUNTY,09015,1.159116387
DE,KENT COUNTY,10001,0.5556820035
DE,NEW CASTLE COUNTY,10003,0.7452760935
DE,SUSSEX COUNTY,10005,0.4937205613
DC,DISTRICT OF COLUMBIA,11001,0.8050982356
GA,BARROW COUNTY,13013,1.642022729
GA,BARTOW COUNTY,13015,0.9490581155
GA,BIBB COUNTY,13021,0.7998480201
GA,BULLOCH COUNTY,13031,1.083699465
GA,CAMDEN COUNTY,13039,0.4903022945
GA,CARROLL COUNTY,13045,1.181702137
GA,CATOOSA COUNTY,13047,0.7855191231
GA,CHATHAM COUNTY,13051,0.874557972
GA,CHEROKEE COUNTY,13057,0.9298943877
GA,CLARKE COUNTY,13059,1.341285348
GA,CLAYTON COUNTY,13063,1.17856276
GA,COBB COUNTY,13067,1.012985706
GA,COFFEE COUNTY,13069,0.9031003714
GA,COLQUITT COUNTY,13071,0.9676001668
GA,COLUMBIA COUNTY,13073,1.061635137
GA,COWETA COUNTY,13077,1.018954754
GA,DEKALB COUNTY,13089,1.458732367
GA,DOUGHERTY COUNTY,13095,2.205984116
GA,DOUGLAS COUNTY,13097,1.801224828
GA,EFFINGHAM COUNTY,13103,0.5806025863
GA,FAYETTE COUNTY,13113,1.328342438
GA,FLOYD COUNTY,13115,1.232029557
GA,FORSYTH COUNTY,13117,0.8442054987
GA,FULTON COUNTY,13121,1.276504874
GA,GLYNN COUNTY,13127,0.4900102317
GA,GWINNETT COUNTY,13135,1.602930546
GA,HALL COUNTY,13139,1.783027649
GA,HART COUNTY,13147,2.012485743
GA,HENRY COUNTY,13151,1.556723714
GA,HOUSTON COUNTY,13153,1.41210258
GA,LAURENS COUNTY,13175,1.290097237
GA,LIBERTY COUNTY,13179,0.6451023817
GA,LOWNDES COUNTY,13185,1.04499948
GA,MCDUFFIE COUNTY,13189,1.032099724
GA,MUSCOGEE COUNTY,13215,0.8769215941
GA,NEWTON COUNTY,13217,0.9598409534
GA,OCONEE COUNTY,13219,0.8186953664
GA,PIERCE COUNTY,13229,1.406196356
GA,PUTNAM COUNTY,13237,1.380395651
GA,RICHMOND COUNTY,13245,0.9297887087
GA,ROCKDALE COUNTY,13247,1.388913035
GA,SPALDING COUNTY,13255,1.779802799
GA,STEPHENS COUNTY,13257,2.166396379
GA,SUMTER COUNTY,13261,1.806089282
GA,THOMAS COUNTY,13275,1.793189406
GA,TOOMBS COUNTY,13279,0.9934000373
GA,TROUP COUNTY,13285,1.124470949
GA,UPSON COUNTY,13293,1.354596138
GA,WALKER COUNTY,13295,1.314640284
GA,WALTON COUNTY,13297,1.716231465
GA,WARE COUNTY,13299,0.69670122860000006
GA,WAYNE COUNTY,13305,1.006299853
ID,ADA COUNTY,16001,1.953846335
ID,ADAMS COUNTY,16003,2.185039043
ID,BANNOCK COUNTY,16005,1.870062232
ID,BEAR LAKE COUNTY,16007,3.856003761
ID,BINGHAM COUNTY,16011,2.006313324
ID,BLAINE COUNTY,16013,6.148126602
ID,BOISE COUNTY,16015,1.861504674
ID,BONNER COUNTY,16017,1.59913218
ID,BONNEVILLE COUNTY,16019,1.373462558
ID,BOUNDARY COUNTY,16021,2.215504408
ID,BUTTE COUNTY,16023,5.752002239
ID,CANYON COUNTY,16027,1.264605165
ID,CARIBOU COUNTY,16029,2.311583281
ID,CASSIA COUNTY,16031,2.66500473
ID,CLARK COUNTY,16033,1.602004766
ID,CLEARWATER COUNTY,16035,2.04950428
ID,CUSTER COUNTY,16037,3.979004145
ID,ELMORE COUNTY,16039,4.200003624
ID,FRANKLIN COUNTY,16041,2.698657274
ID,FREMONT COUNTY,16043,2.224004507
ID,GEM COUNTY,16045,1.783004522
ID,GOODING COUNTY,16047,1.766004682
ID,IDAHO COUNTY,16049,1.487209439
ID,JEFFERSON COUNTY,16051,2.596004248
ID,JEROME COUNTY,16053,1.649004698
ID,KOOTENAI COUNTY,16055,4.171120167
ID,LATAH COUNTY,16057,1.432163239
ID,LEMHI COUNTY,16059,3.284217119
ID,MADISON COUNTY,16065,3.046610832
ID,MINIDOKA COUNTY,16067,2.178504229
ID,NEZ PERCE COUNTY,16069,1.317419529
ID,ONEIDA COUNTY,16071,2.755003452
ID,OWYHEE COUNTY,16073,1.861504555
ID,PAYETTE COUNTY,16075,1.617504597
ID,POWER COUNTY,16077,1.364504814
ID,SHOSHONE COUNTY,16079,2.536999941
ID,TETON COUNTY,16081,6.396003246
ID,TWIN FALLS COUNTY,16083,1.713335395
ID,VALLEY COUNTY,16085,1.205856085
ID,WASHINGTON COUNTY,16087,1.584004521
IL,ADAMS COUNTY,17001,2.924732924
IL,BOONE COUNTY,17007,1.78761065
IL,BUREAU COUNTY,17011,2.99006772
IL,CHAMPAIGN COUNTY,17019,1.977495193
IL,CHRISTIAN COUNTY,17021,2.370449543
IL,COOK COUNTY,17031,0.8407934308
IL,CRAWFORD COUNTY,17033,1.345941663
IL,DEKALB COUNTY,17037,1.910358906
IL,DUPAGE COUNTY,17043,1.443003058
IL,EFFINGHAM COUNTY,17049,0.9503813982
IL,FRANKLIN COUNTY,17055,1.008208275
IL,FULTON COUNTY,17057,2.450327873
IL,GRUNDY COUNTY,17063,1.331807137
IL,HANCOCK COUNTY,17067,1.68734777
IL,HENRY COUNTY,17073,2.450006962
IL,IROQUOIS COUNTY,17075,1.460056782
IL,JACKSON COUNTY,17077,0.9329935908
IL,JO DAVIESS COUNTY,17085,2.560248852
IL,KANE COUNTY,17089,2.04172802
IL,KANKAKEE COUNTY,17091,1.694971442
IL,KENDALL COUNTY,17093,2.54868412
IL,KNOX COUNTY,17095,3.348535061
IL,LAKE COUNTY,17097,1.005069494
IL,LASALLE COUNTY,17099,1.744469285
IL,LEE COUNTY,17103,1.849946856
IL,LIVINGSTON COUNTY,17105,2.016809225
IL,LOGAN COUNTY,17107,3.509509802
IL,MCHENRY COUNTY,17111,1.619721293
IL,MCLEAN COUNTY,17113,2.434788942
IL,MACON COUNTY,17115,1.72568059
IL,MACOUPIN COUNTY,17117,1.193585634
IL,MADISON COUNTY,17119,1.209986329
IL,MENARD COUNTY,17129,3.351247549
IL,MERCER COUNTY,17131,3.564827442
IL,MONROE COUNTY,17133,1.299051285
IL,MORGAN COUNTY,17137,4.313530922
IL,OGLE COUNTY,17141,2.34273839
IL,PEORIA COUNTY,17143,2.007285595
IL,PERRY COUNTY,17145,2.142780304
IL,PIATT COUNTY,17147,1.996170402
IL,RANDOLPH COUNTY,17157,0.64794451
IL,ROCK ISLAND COUNTY,17161,2.332176208
IL,ST. CLAIR COUNTY,17163,1.572981715
IL,SALINE COUNTY,17165,0.8773010969
IL,SANGAMON COUNTY,17167,1.887833595
IL,STARK COUNTY,17175,2.960007191
IL,STEPHENSON COUNTY,17177,2.761522293
IL,TAZEWELL COUNTY,17179,2.555596113
IL,VERMILION COUNTY,17183,1.559011221
IL,WARREN COUNTY,17187,4.084772587
IL,WHITESIDE COUNTY,17195,1.527361035
IL,WILL COUNTY,17197,1.886134624
IL,WILLIAMSON COUNTY,17199,0.8393928409
IL,WINNEBAGO COUNTY,17201,1.413805246
IN,ADAMS COUNTY,18001,1.79973948
IN,ALLEN COUNTY,18003,1.799241304
IN,BARTHOLOMEW COUNTY,18005,2.560752392
IN,BOONE COUNTY,18011,1.630009651
IN,CARROLL COUNTY,18015,2.031097412
IN,CASS COUNTY,18017,1.874015808
IN,CLARK COUNTY,18019,1.924570799
IN,CLINTON COUNTY,18023,3.044275045
IN,DAVIESS COUNTY,18027,1.306412101
IN,DEKALB COUNTY,18033,1.710848093
IN,DELAWARE COUNTY,18035,2.46762991
IN,ELKHART COUNTY,18039,1.663088918
IN,FLOYD COUNTY,18043,1.465133786
IN,FOUNTAIN COUNTY,18045,3.668064833
IN,GIBSON COUNTY,18051,1.460274339
IN,GRANT COUNTY,18053,3.863361597
IN,GREENE COUNTY,18055,0.8515142798
IN,HAMILTON COUNTY,18057,2.408569336
IN,HANCOCK COUNTY,18059,2.073172808
IN,HARRISON COUNTY,18061,2.602378368
IN,HENDRICKS COUNTY,18063,1.454494953
IN,HOWARD COUNTY,18067,2.264579535
IN,HUNTINGTON COUNTY,18069,2.322583675
IN,JASPER COUNTY,18073,0.8578065038
IN,JEFFERSON COUNTY,18077,1.171160936
IN,JENNINGS COUNTY,18079,1.340118408
IN,JOHNSON COUNTY,18081,2.085919619
IN,KNOX COUNTY,18083,1.225001693
IN,KOSCIUSKO COUNTY,18085,2.0229687690000002
IN,LAKE COUNTY,18089,0.6223030686
IN,LAPORTE COUNTY,18091,1.403133273
IN,LAWRENCE COUNTY,18093,1.756386757
IN,MADISON COUNTY,18095,2.514110088
IN,MARION COUNTY,18097,2.194667101
IN,MARSHALL COUNTY,18099,1.273201346
IN,MIAMI COUNTY,18103,2.676412821
IN,MONROE COUNTY,18105,2.01923871
IN,MONTGOMERY COUNTY,18107,3.018692017
IN,MORGAN COUNTY,18109,2.665145397
IN,NEWTON COUNTY,18111,1.994431376
IN,NOBLE COUNTY,18113,1.930837631
IN,ORANGE COUNTY,18117,2.160601616
IN,PORTER COUNTY,18127,1.182235122
IN,ST. JOSEPH COUNTY,18141,1.420814514
IN,SCOTT COUNTY,18143,0.9760245085
IN,SHELBY COUNTY,18145,1.557721972
IN,SPENCER COUNTY,18147,1.123294473
IN,STEUBEN COUNTY,18151,3.053677797
IN,SULLIVAN COUNTY,18153,0.8670070767
IN,TIPPECANOE COUNTY,18157,2.715112448
IN,VANDERBURGH COUNTY,18163,1.424541116
IN,VIGO COUNTY,18167,2.443019152
IN,WABASH COUNTY,18169,2.757357121
IN,WARRICK COUNTY,18173,0.793813765
IN,WASHINGTON COUNTY,18175,2.087337732
IN,WAYNE COUNTY,18177,3.243354797
IN,WHITE COUNTY,18181,1.476879597
IN,WHITLEY COUNTY,18183,2.091751337
IA,ADAIR COUNTY,19001,4.160999775
IA,ADAMS COUNTY,19003,2.093071938
IA,ALLAMAKEE COUNTY,19005,2.459194422
IA,APPANOOSE COUNTY,19007,2.297668695
IA,AUDUBON COUNTY,19009,4.029038429
IA,BENTON COUNTY,19011,4.089135647
IA,BLACK HAWK COUNTY,19013,3.097207069
IA,BOONE COUNTY,19015,2.904337883
IA,BREMER COUNTY,19017,2.478157759
IA,BUCHANAN COUNTY,19019,1.82319355
IA,BUENA VISTA COUNTY,19021,3.311335802
IA,BUTLER COUNTY,19023,2.826652527
IA,CALHOUN COUNTY,19025,2.553051233
IA,CARROLL COUNTY,19027,3.760047674
IA,CASS COUNTY,19029,4.500770092
IA,CEDAR COUNTY,19031,2.590631723
IA,CERRO GORDO COUNTY,19033,2.534552813
IA,CHEROKEE COUNTY,19035,4.295779705
IA,CHICKASAW COUNTY,19037,2.38670516
IA,CLARKE COUNTY,19039,1.813244104
IA,CLAY COUNTY,19041,4.685061932
IA,CLAYTON COUNTY,19043,2.308434486
IA,CLINTON COUNTY,19045,1.913404942
IA,CRAWFORD COUNTY,19047,4.787445545
IA,DALLAS COUNTY,19049,3.10172534
IA,DAVIS COUNTY,19051,1.917157054
IA,DECATUR COUNTY,19053,2.11419487
IA,DELAWARE COUNTY,19055,1.809236765
IA,DES MOINES COUNTY,19057,2.735057831
IA,DICKINSON COUNTY,19059,3.666767359
IA,DUBUQUE COUNTY,19061,2.197521687
IA,EMMET COUNTY,19063,3.699712515
IA,FAYETTE COUNTY,19065,2.828100443
IA,FLOYD COUNTY,19067,2.312931299
IA,FRANKLIN COUNTY,19069,2.909929276
IA,FREMONT COUNTY,19071,4.275005817
IA,GREENE COUNTY,19073,3.310432434
IA,GRUNDY COUNTY,19075,3.222191334
IA,GUTHRIE COUNTY,19077,3.771137476
IA,HAMILTON COUNTY,19079,2.962079048
IA,HANCOCK COUNTY,19081,2.392235518
IA,HARDIN COUNTY,19083,2.324244022
IA,HARRISON COUNTY,19085,3.343863964
IA,HENRY COUNTY,19087,2.237594843
IA,HOWARD COUNTY,19089,2.724683046
IA,HUMBOLDT COUNTY,19091,3.458770275
IA,IDA COUNTY,19093,3.910985947
IA,IOWA COUNTY,19095,3.748171568
IA,JACKSON COUNTY,19097,2.111868382
IA,JASPER COUNTY,19099,4.785682201
IA,JEFFERSON COUNTY,19101,3.034318209
IA,JOHNSON COUNTY,19103,2.885200262
IA,JONES COUNTY,19105,2.422931671
IA,KEOKUK COUNTY,19107,3.379297972
IA,KOSSUTH COUNTY,19109,2.7579391
IA,LEE COUNTY,19111,2.203582048
IA,LINN COUNTY,19113,1.983094335
IA,LOUISA COUNTY,19115,2.159749269
IA,LUCAS COUNTY,19117,1.83262825
IA,LYON COUNTY,19119,4.30173254
IA,MADISON COUNTY,19121,4.330861568
IA,MAHASKA COUNTY,19123,3.702429771
IA,MARION COUNTY,19125,2.717175484
IA,MARSHALL COUNTY,19127,3.35800004
IA,MILLS COUNTY,19129,4.409482002
IA,MITCHELL COUNTY,19131,3.215168715
IA,MONONA COUNTY,19133,3.797963142
IA,MONROE COUNTY,19135,2.160802126
IA,MONTGOMERY COUNTY,19137,4.182142735
IA,MUSCATINE COUNTY,19139,2.131305695
IA,O'BRIEN COUNTY,19141,4.348494053
IA,OSCEOLA COUNTY,19143,4.51550293
IA,PAGE COUNTY,19145,4.681591988
IA,PALO ALTO COUNTY,19147,3.289685249
IA,PLYMOUTH COUNTY,19149,4.897260189
IA,POCAHONTAS COUNTY,19151,2.504883289
IA,POLK COUNTY,19153,3.883831978
IA,POTTAWATTAMIE COUNTY,19155,2.748504877
IA,POWESHIEK COUNTY,19157,4.089378834
IA,SAC COUNTY,19161,3.305292368
IA,SCOTT COUNTY,19163,2.615754843
IA,SHELBY COUNTY,19165,5.013422489
IA,SIOUX COUNTY,19167,3.621234179
IA,STORY COUNTY,19169,3.041156769
IA,TAMA COUNTY,19171,3.802910805
IA,TAYLOR COUNTY,19173,2.990068674
IA,UNION COUNTY,19175,3.113360405
IA,VAN BUREN COUNTY,19177,2.756639957
IA,WAPELLO COUNTY,19179,2.161528349
IA,WARREN COUNTY,19181,3.905814886
IA,WASHINGTON COUNTY,19183,3.76695013
IA,WAYNE COUNTY,19185,1.726461291
IA,WEBSTER COUNTY,19187,2.932892084
IA,WINNEBAGO COUNTY,19189,3.219065666
IA,WINNESHIEK COUNTY,19191,2.480671883
IA,WOODBURY COUNTY,19193,2.966072798
IA,WORTH COUNTY,19195,2.894217253
IA,WRIGHT COUNTY,19197,2.583798647
KS,ALLEN COUNTY,20001,0.5806031227
KS,BOURBON COUNTY,20011,1.419095039
KS,BUTLER COUNTY,20015,1.045600295
KS,COWLEY COUNTY,20035,1.556697845
KS,CRAWFORD COUNTY,20037,0.6451019049
KS,DICKINSON COUNTY,20041,2.228593826
KS,DOUGLAS COUNTY,20045,1.878260016
KS,JOHNSON COUNTY,20091,1.842872262
KS,LABETTE COUNTY,20099,0.7483021021
KS,LEAVENWORTH COUNTY,20103,1.927011132
KS,MIAMI COUNTY,20121,1.187761903
KS,MONTGOMERY COUNTY,20125,0.7225010991
KS,MORRIS COUNTY,20127,2.101027966
KS,PHILLIPS COUNTY,20147,2.901522636
KS,RENO COUNTY,20155,1.018342137
KS,RILEY COUNTY,20161,2.00421381
KS,SALINE COUNTY,20169,2.351416111
KS,SEDGWICK COUNTY,20173,1.477676034
KS,SHAWNEE COUNTY,20177,1.804483056
KS,WOODSON COUNTY,20207,0.603279233
KS,WYANDOTTE COUNTY,20209,1.803258538
KY,BOONE COUNTY,21015,0.9943600297
KY,BOURBON COUNTY,21017,2.341472149
KY,BOYD COUNTY,21019,0.6810128093
KY,BOYLE COUNTY,21021,3.114659786
KY,BULLITT COUNTY,21029,2.994033098
KY,BUTLER COUNTY,21031,0.8515011072
KY,CAMPBELL COUNTY,21037,0.889744401
KY,CHRISTIAN COUNTY,21047,1.287614226
KY,CLARK COUNTY,21049,0.9918388724
KY,DAVIESS COUNTY,21059,0.9219477177
KY,FAYETTE COUNTY,21067,3.716751099
KY,FRANKLIN COUNTY,21073,2.308288097
KY,GRAVES COUNTY,21083,0.9934000373
KY,GREENUP COUNTY,21089,0.8598783612
KY,HARDIN COUNTY,21093,1.728356004
KY,HARLAN COUNTY,21095,1.483588219
KY,HARRISON COUNTY,21097,1.214361429
KY,HART COUNTY,21099,1.855544567
KY,HENDERSON COUNTY,21101,0.8803660274
KY,JEFFERSON COUNTY,21111,1.661961436
KY,JESSAMINE COUNTY,21113,1.983655334
KY,KENTON COUNTY,21117,0.738650918
KY,MCCRACKEN COUNTY,21145,0.8723443151
KY,MADISON COUNTY,21151,2.031698942
KY,MEADE COUNTY,21163,3.180183649
KY,MERCER COUNTY,21167,1.064578295
KY,NELSON COUNTY,21179,2.819450378
KY,OLDHAM COUNTY,21185,1.801932216
KY,SCOTT COUNTY,21209,2.957569361
KY,SHELBY COUNTY,21211,1.681510329
KY,WARREN COUNTY,21227,5.384623528
KY,WOODFORD COUNTY,21239,2.386694431
LA,ASCENSION PARISH,22005,0.7096012831
LA,BOSSIER PARISH,22015,0.7641554475
LA,CADDO PARISH,22017,0.6578551531
LA,CALCASIEU PARISH,22019,0.543623209
LA,EAST BATON ROUGE PARISH,22033,0.7883551717
LA,IBERIA PARISH,22045,0.6838026047
LA,JEFFERSON PARISH,22051,0.5740053058
LA,LAFAYETTE PARISH,22055,0.8859968781
LA,LINCOLN PARISH,22061,0.6967023015
LA,LIVINGSTON PARISH,22063,0.632201314
LA,NATCHITOCHES PARISH,22069,0.6967013478
LA,ORLEANS PARISH,22071,0.5806007981
LA,OUACHITA PARISH,22073,0.8578552604
LA,RAPIDES PARISH,22079,0.6085054874
LA,ST. BERNARD PARISH,22087,0.4645023644
LA,ST. CHARLES PARISH,22089,0.5032031536
LA,ST. LANDRY PARISH,22097,0.6193016171
LA,ST. TAMMANY PARISH,22103,0.5912553668
LA,TERREBONNE PARISH,22109,0.6451010108
LA,VERMILION PARISH,22113,0.7870019078
LA,VERNON PARISH,22115,0.5548033118
ME,ANDROSCOGGIN COUNTY,23001,1.191809654
ME,AROOSTOOK COUNTY,23003,1.590420723
ME,CUMBERLAND COUNTY,23005,2.018568993
ME,FRANKLIN COUNTY,23007,1.022966266
ME,HANCOCK COUNTY,23009,1.358020782
ME,KENNEBEC COUNTY,23011,1.201227546
ME,KNOX COUNTY,23013,1.034539342
ME,LINCOLN COUNTY,23015,1.164321899
ME,OXFORD COUNTY,23017,1.983875871
ME,PENOBSCOT COUNTY,23019,0.8481834531
ME,PISCATAQUIS COUNTY,23021,1.059179306
ME,SAGADAHOC COUNTY,23023,0.887092948
ME,SOMERSET COUNTY,23025,1.042769909
ME,WALDO COUNTY,23027,1.331554532
ME,WASHINGTON COUNTY,23029,0.9079270363
ME,YORK COUNTY,23031,1.678990602
MD,ALLEGANY COUNTY,24001,1.132785559
MD,ANNE ARUNDEL COUNTY,24003,0.9035440683
MD,BALTIMORE COUNTY,24005,0.8745720387
MD,CALVERT COUNTY,24009,2.440301657
MD,CAROLINE COUNTY,24011,0.6134319305
MD,CARROLL COUNTY,24013,2.791764975
MD,CECIL COUNTY,24015,0.8287497759
MD,CHARLES COUNTY,24017,0.7864207029
MD,DORCHESTER COUNTY,24019,0.4870047271
MD,FREDERICK COUNTY,24021,2.237001419
MD,GARRETT COUNTY,24023,1.638931394
MD,HARFORD COUNTY,24025,1.196640134
MD,HOWARD COUNTY,24027,2.128919601
MD,KENT COUNTY,24029,0.7177013755
MD,MONTGOMERY COUNTY,24031,1.250969052
MD,PRINCE GEORGE'S COUNTY,24033,0.9004830122
MD,QUEEN ANNE'S COUNTY,24035,0.6230097413
MD,ST. MARY'S COUNTY,24037,0.838475883
MD,SOMERSET COUNTY,24039,0.4601693153
MD,TALBOT COUNTY,24041,0.6063009501
MD,WASHINGTON COUNTY,24043,3.660460472
MD,WICOMICO COUNTY,24045,0.4598327875
MD,WORCESTER COUNTY,24047,0.4806493521
MD,BALTIMORE CITY,24510,0.2723535299
MA,BARNSTABLE COUNTY,25001,0.8135030866
MA,BERKSHIRE COUNTY,25003,1.027932882
MA,DUKES COUNTY,25007,0.966771841
MA,ESSEX COUNTY,25009,1.327805042
MA,FRANKLIN COUNTY,25011,1.01404345
MA,HAMPDEN COUNTY,25013,0.7424772978
MA,HAMPSHIRE COUNTY,25015,1.035384297
MA,MIDDLESEX COUNTY,25017,1.200495243
MA,NORFOLK COUNTY,25021,1.046411037
MA,PLYMOUTH COUNTY,25023,0.814339757
MA,SUFFOLK COUNTY,25025,0.7440255284
MA,WORCESTER COUNTY,25027,1.485063791
MI,ALGER COUNTY,26003,0.3961033225
MI,ALLEGAN COUNTY,26005,0.8236478567
MI,ALPENA COUNTY,26007,0.5405868292
MI,BARAGA COUNTY,26013,0.5644015074
MI,BARRY COUNTY,26015,1.209755063
MI,BAY COUNTY,26017,0.5983189344
MI,BERRIEN COUNTY,26021,0.8878944516
MI,BRANCH COUNTY,26023,4.588442326
MI,CALHOUN COUNTY,26025,1.654180884
MI,CASS COUNTY,26027,0.8580602407
MI,CHARLEVOIX COUNTY,26029,1.064349413
MI,CHEBOYGAN COUNTY,26031,0.6430248618
MI,CLINTON COUNTY,26037,1.58639431
MI,DELTA COUNTY,26041,0.7548490167
MI,DICKINSON COUNTY,26043,1.30117321
MI,EATON COUNTY,26045,1.351578712
MI,EMMET COUNTY,26047,0.5934046507
MI,GENESEE COUNTY,26049,0.8418489695
MI,GRAND TRAVERSE COUNTY,26055,0.7231063247
MI,HILLSDALE COUNTY,26059,2.489287853
MI,HOUGHTON COUNTY,26061,0.5951353312
MI,HURON COUNTY,26063,0.7605737448
MI,INGHAM COUNTY,26065,1.237533927
MI,IONIA COUNTY,26067,1.24954164
MI,IRON COUNTY,26071,1.575583577
MI,ISABELLA COUNTY,26073,0.7723017931
MI,JACKSON COUNTY,26075,1.892269492
MI,KALAMAZOO COUNTY,26077,1.678827524
MI,KENT COUNTY,26081,0.864415884
MI,LAPEER COUNTY,26087,1.340428472
MI,LENAWEE COUNTY,26091,2.527983189
MI,LIVINGSTON COUNTY,26093,1.944324374
MI,MACOMB COUNTY,26099,0.511682868
MI,MARQUETTE COUNTY,26103,0.8370592594
MI,MENOMINEE COUNTY,26109,0.6708288789
MI,MIDLAND COUNTY,26111,0.552065134
MI,MONROE COUNTY,26115,0.9824739695
MI,MONTCALM COUNTY,26117,1.148162723
MI,MUSKEGON COUNTY,26121,0.597664535
MI,OAKLAND COUNTY,26125,0.9830331206
MI,ONTONAGON COUNTY,26131,0.557
MI,OTSEGO COUNTY,26137,1.334173918
MI,OTTAWA COUNTY,26139,0.8208515048
MI,PRESQUE ISLE COUNTY,26141,1.556951046
MI,SAGINAW COUNTY,26145,0.7350296378
MI,ST. CLAIR COUNTY,26147,0.6629121304
MI,ST. JOSEPH COUNTY,26149,1.328015566
MI,SANILAC COUNTY,26151,1.073310733
MI,SHIAWASSEE COUNTY,26155,1.344093323
MI,TUSCOLA COUNTY,26157,0.8393407464
MI,VAN BUREN COUNTY,26159,0.6678006649
MI,WASHTENAW COUNTY,26161,1.751678586
MI,WAYNE COUNTY,26163,0.7137690783
MN,AITKIN COUNTY,27001,1.099782586
MN,ANOKA COUNTY,27003,1.261466146
MN,BECKER COUNTY,27005,2.209764957
MN,BELTRAMI COUNTY,27007,1.584852457
MN,BENTON COUNTY,27009,1.196998835
MN,BLUE EARTH COUNTY,27013,2.9208369259999998
MN,BROWN COUNTY,27015,3.090992451
MN,CARLTON COUNTY,27017,1.448144317
MN,CARVER COUNTY,27019,2.423448086
MN,CASS COUNTY,27021,1.508662105
MN,CHIPPEWA COUNTY,27023,3.441594839
MN,CHISAGO COUNTY,27025,0.8574389219
MN,CLAY COUNTY,27027,3.512571573
MN,COTTONWOOD COUNTY,27033,2.520933867
MN,CROW WING COUNTY,27035,1.465988159
MN,DAKOTA COUNTY,27037,1.921895504
MN,DODGE COUNTY,27039,2.685765982
MN,DOUGLAS COUNTY,27041,2.402953625
MN,FILLMORE COUNTY,27045,3.030007124
MN,FREEBORN COUNTY,27047,2.288311481
MN,GOODHUE COUNTY,27049,2.7132864
MN,HENNEPIN COUNTY,27053,1.989657402
MN,HOUSTON COUNTY,27055,1.756680489
MN,ISANTI COUNTY,27059,1.684125066
MN,ITASCA COUNTY,27061,1.342081308
MN,KANDIYOHI COUNTY,27067,2.745635986
MN,KOOCHICHING COUNTY,27071,0.868159771
MN,LE SUEUR COUNTY,27079,4.086253643
MN,LYON COUNTY,27083,3.84798789
MN,MCLEOD COUNTY,27085,2.599458456
MN,MARSHALL COUNTY,27089,3.21585393
MN,MARTIN COUNTY,27091,2.314190388
MN,MEEKER COUNTY,27093,1.859184027
MN,MORRISON COUNTY,27097,1.489103794
MN,MOWER COUNTY,27099,2.377110481
MN,NICOLLET COUNTY,27103,4.00831461
MN,NOBLES COUNTY,27105,3.368426085
MN,OLMSTED COUNTY,27109,2.187775135
MN,OTTER TAIL COUNTY,27111,2.031698704
MN,PENNINGTON COUNTY,27113,2.165008783
MN,PINE COUNTY,27115,1.198301673
MN,POLK COUNTY,27119,3.406442404
MN,POPE COUNTY,27121,1.981134534
MN,RAMSEY COUNTY,27123,1.579991817
MN,RED LAKE COUNTY,27125,3.34719038
MN,RENVILLE COUNTY,27129,3.222099781
MN,RICE COUNTY,27131,2.814600468
MN,ROSEAU COUNTY,27135,3.000567913
MN,ST. LOUIS COUNTY,27137,1.235259295
MN,SCOTT COUNTY,27139,2.853381395
MN,SHERBURNE COUNTY,27141,2.084049463
MN,SIBLEY COUNTY,27143,3.7655692100000002
MN,STEARNS COUNTY,27145,2.286231279
MN,STEELE COUNTY,27147,2.914520502
MN,STEVENS COUNTY,27149,2.278565168
MN,SWIFT COUNTY,27151,2.804218054
MN,TODD COUNTY,27153,1.012618899
MN,TRAVERSE COUNTY,27155,6.392751694
MN,WABASHA COUNTY,27157,3.483507156
MN,WASECA COUNTY,27161,3.767162085
MN,WASHINGTON COUNTY,27163,1.762638688
MN,WINONA COUNTY,27169,2.289093494
MN,WRIGHT COUNTY,27171,2.842337847
MN,YELLOW MEDICINE COUNTY,27173,3.607531071
MS,ALCORN COUNTY,28003,0.7442724705
MS,DESOTO COUNTY,28033,1.238498092
MS,FORREST COUNTY,28035,0.7225014567
MS,HARRISON COUNTY,28047,0.5295056701
MS,HINDS COUNTY,28049,0.8310549855
MS,HUMPHREYS COUNTY,28053,1.006299973
MS,ITAWAMBA COUNTY,28057,1.264298201
MS,JACKSON COUNTY,28059,0.5161012411
MS,LAMAR COUNTY,28073,0.6580024958
MS,LEE COUNTY,28081,0.9001422524
MS,OKTIBBEHA COUNTY,28105,1.148198366
MS,PEARL RIVER COUNTY,28109,0.6838026047
MS,PRENTISS COUNTY,28117,0.6709014773
MS,RANKIN COUNTY,28121,0.6451028585
MS,SHARKEY COUNTY,28125,1.380396366
MS,TISHOMINGO COUNTY,28141,1.26429832
MS,UNION COUNTY,28145,1.122398734
MS,WARREN COUNTY,28149,1.677091241
MS,WASHINGTON COUNTY,28151,1.319454908
MO,ADAIR COUNTY,29001,1.106514812
MO,BOONE COUNTY,29019,1.562241554
MO,BUCHANAN COUNTY,29021,1.728688717
MO,CAMDEN COUNTY,29029,1.617566824
MO,CAPE GIRARDEAU COUNTY,29031,0.8413857818
MO,CASS COUNTY,29037,1.261472821
MO,CLAY COUNTY,29047,1.683936954
MO,COLE COUNTY,29051,0.8017299175
MO,FRANKLIN COUNTY,29071,0.9296451807
MO,GREENE COUNTY,29077,1.998514175
MO,HENRY COUNTY,29083,1.107588649
MO,HOWELL COUNTY,29091,2.29018569
MO,JACKSON COUNTY,29095,1.78138423
MO,JASPER COUNTY,29097,0.9720172882
MO,JEFFERSON COUNTY,29099,0.9515184164
MO,JOHNSON COUNTY,29101,1.135745168
MO,LAFAYETTE COUNTY,29107,1.778823495
MO,LAWRENCE COUNTY,29109,0.9623459578
MO,PETTIS COUNTY,29159,1.171102047
MO,PHELPS COUNTY,29161,0.5942226648
MO,PLATTE COUNTY,29165,1.689107895
MO,POLK COUNTY,29167,1.225597858
MO,RAY COUNTY,29177,1.191500068
MO,RIPLEY COUNTY,29181,1.758451223
MO,ST. CHARLES COUNTY,29183,1.079696536
MO,ST. FRANCOIS COUNTY,29187,1.228326559
MO,ST. LOUIS COUNTY,29189,0.9973266721
MO,SCOTT COUNTY,29201,0.9414681196
MO,VERNON COUNTY,29217,0.8124549985
MO,WEBSTER COUNTY,29225,1.141358495
MO,ST. LOUIS CITY,29510,1.019919753
MT,CASCADE COUNTY,30013,1.685875654
MT,DAWSON COUNTY,30021,1.57417655
MT,FLATHEAD COUNTY,30029,1.791482687
MT,GALLATIN COUNTY,30031,3.932898283
MT,GLACIER COUNTY,30035,1.396737695
MT,LEWIS AND CLARK COUNTY,30049,4.555136681
MT,LINCOLN COUNTY,30053,1.274176598
MT,MISSOULA COUNTY,30063,1.99115169
MT,RAVALLI COUNTY,30081,2.771159649
MT,RICHLAND COUNTY,30083,2.299224854
MT,YELLOWSTONE COUNTY,30111,1.572766662
NE,ADAMS COUNTY,31001,2.063992977
NE,ANTELOPE COUNTY,31003,2.541765451
NE,BOONE COUNTY,31011,2.519633293
NE,BOX BUTTE COUNTY,31013,1.586146832
NE,BUFFALO COUNTY,31019,2.355024815
NE,CEDAR COUNTY,31027,3.638328552
NE,CHASE COUNTY,31029,2.629479885
NE,CHERRY COUNTY,31031,1.109056115
NE,CHEYENNE COUNTY,31033,1.805038452
NE,CLAY COUNTY,31035,3.85645318
NE,CUMING COUNTY,31039,2.71924758
NE,CUSTER COUNTY,31041,1.938418984
NE,DAKOTA COUNTY,31043,3.43537879
NE,DAWES COUNTY,31045,2.009129286
NE,DAWSON COUNTY,31047,1.492964745
NE,DIXON COUNTY,31051,5.739754677
NE,DODGE COUNTY,31053,2.232533932
NE,DOUGLAS COUNTY,31055,2.554765701
NE,FRANKLIN COUNTY,31061,3.36297822
NE,GARDEN COUNTY,31069,1.671845555
NE,GREELEY COUNTY,31077,3.425030708
NE,HALL COUNTY,31079,1.28783083
NE,HAMILTON COUNTY,31081,2.350191593
NE,HOLT COUNTY,31089,1.23631978
NE,HOWARD COUNTY,31093,1.483312368
NE,KEARNEY COUNTY,31099,2.251036644
NE,KEITH COUNTY,31101,2.292199135
NE,KIMBALL COUNTY,31105,1.506398201
NE,KNOX COUNTY,31107,2.505647659
NE,LANCASTER COUNTY,31109,2.115720272
NE,LINCOLN COUNTY,31111,1.668274283
NE,MADISON COUNTY,31119,2.694875002
NE,MERRICK COUNTY,31121,1.020036817
NE,MORRILL COUNTY,31123,1.031262875
NE,NANCE COUNTY,31125,2.321091175
NE,NUCKOLLS COUNTY,31129,3.976093054
NE,PHELPS COUNTY,31137,2.317044735
NE,RED WILLOW COUNTY,31145,2.011695623
NE,SARPY COUNTY,31153,2.755658627
NE,SCOTTS BLUFF COUNTY,31157,1.894020557
NE,SHERIDAN COUNTY,31161,1.871154189
NE,WAYNE COUNTY,31179,4.585273266
NE,YORK COUNTY,31185,2.617148638
NV,CHURCHILL COUNTY,32001,2.193098307
NV,CLARK COUNTY,32003,0.9411425591
NV,DOUGLAS COUNTY,32005,2.473652363
NV,ELKO COUNTY,32007,1.63123548
NV,EUREKA COUNTY,32011,1.910265446
NV,HUMBOLDT COUNTY,32013,1.537107706
NV,LANDER COUNTY,32015,1.505447626
NV,LINCOLN COUNTY,32017,2.374864101
NV,LYON COUNTY,32019,2.134390831
NV,MINERAL COUNTY,32021,3.160065651
NV,NYE COUNTY,32023,1.528554082
NV,WASHOE COUNTY,32031,1.634077191
NV,WHITE PINE COUNTY,32033,1.865826964
NV,CARSON CITY,32510,2.472817183
NH,BELKNAP COUNTY,33001,0.7879191637
NH,CARROLL COUNTY,33003,2.676197767
NH,CHESHIRE COUNTY,33005,0.8573884964
NH,COOS COUNTY,33007,2.226060152
NH,GRAFTON COUNTY,33009,1.205959678
NH,HILLSBOROUGH COUNTY,33011,1.859567881
NH,MERRIMACK COUNTY,33013,1.164545655
NH,ROCKINGHAM COUNTY,33015,1.577742577
NH,STRAFFORD COUNTY,33017,1.739487886
NH,SULLIVAN COUNTY,33019,0.9136209488
NJ,ATLANTIC COUNTY,34001,0.3917595744
NJ,BERGEN COUNTY,34003,0.6158937812
NJ,BURLINGTON COUNTY,34005,0.6001490355
NJ,CAMDEN COUNTY,34007,0.7801330686
NJ,CAPE MAY COUNTY,34009,0.4343056083
NJ,CUMBERLAND COUNTY,34011,0.6917667985
NJ,ESSEX COUNTY,34013,0.5329583287
NJ,GLOUCESTER COUNTY,34015,0.8687459826
NJ,HUDSON COUNTY,34017,0.6843671799
NJ,HUNTERDON COUNTY,34019,2.30456543
NJ,MERCER COUNTY,34021,1.358669877
NJ,MIDDLESEX COUNTY,34023,0.7403171062
NJ,MONMOUTH COUNTY,34025,0.8843130469
NJ,MORRIS COUNTY,34027,1.440629721
NJ,OCEAN COUNTY,34029,0.381490916
NJ,PASSAIC COUNTY,34031,0.9894185066
NJ,SALEM COUNTY,34033,0.743398428
NJ,SOMERSET COUNTY,34035,1.503201962
NJ,SUSSEX COUNTY,34037,1.795248866
NJ,UNION COUNTY,34039,0.7128301859
NJ,WARREN COUNTY,34041,3.020387888
NM,BERNALILLO COUNTY,35001,2.751493931
NM,CATRON COUNTY,35003,1.115512848
NM,CHAVES COUNTY,35005,2.786493778
NM,COLFAX COUNTY,35007,4.215672016
NM,CURRY COUNTY,35009,2.554293394
NM,DE BACA COUNTY,35011,1.380396366
NM,DOÃ‘A ANA COUNTY,35013,1.467404246
NM,EDDY COUNTY,35015,1.557255268
NM,GRANT COUNTY,35017,2.16495204
NM,HARDING COUNTY,35021,1.922187328
NM,HIDALGO COUNTY,35023,3.689465284
NM,LEA COUNTY,35025,1.535198569
NM,LINCOLN COUNTY,35027,2.193088531
NM,LOS ALAMOS COUNTY,35028,2.401084185
NM,LUNA COUNTY,35029,3.276691198
NM,MCKINLEY COUNTY,35031,3.110114574
NM,MORA COUNTY,35033,4.050662518
NM,OTERO COUNTY,35035,1.59495306
NM,RIO ARRIBA COUNTY,35039,2.714607
NM,ROOSEVELT COUNTY,35041,2.244695425
NM,SANDOVAL COUNTY,35043,2.402119875
NM,SAN JUAN COUNTY,35045,1.718461394
NM,SAN MIGUEL COUNTY,35047,3.7903018
NM,SANTA FE COUNTY,35049,3.443423748
NM,SIERRA COUNTY,35051,1.262322545
NM,SOCORRO COUNTY,35053,2.83809185
NM,TAOS COUNTY,35055,5.40475893
NM,TORRANCE COUNTY,35057,2.11749649
NM,UNION COUNTY,35059,3.379885197
NM,VALENCIA COUNTY,35061,2.296291113
NY,ALBANY COUNTY,36001,0.775601387
NY,ALLEGANY COUNTY,36003,2.214884043
NY,BROOME COUNTY,36007,1.20988822
NY,CATTARAUGUS COUNTY,36009,1.502911448
NY,CAYUGA COUNTY,36011,1.259980559
NY,CHAUTAUQUA COUNTY,36013,1.049812436
NY,CHEMUNG COUNTY,36015,3.128687143
NY,CHENANGO COUNTY,36017,2.05132699
NY,CLINTON COUNTY,36019,0.5173778534
NY,COLUMBIA COUNTY,36021,1.723841071
NY,CORTLAND COUNTY,36023,3.522187471
NY,DELAWARE COUNTY,36025,1.511864901
NY,DUTCHESS COUNTY,36027,1.832575202
NY,ERIE COUNTY,36029,0.6212951541
NY,ESSEX COUNTY,36031,0.4914978743
NY,FRANKLIN COUNTY,36033,0.4108280838
NY,FULTON COUNTY,36035,0.6405595541
NY,GENESEE COUNTY,36037,1.400535941
NY,GREENE COUNTY,36039,1.193323374
NY,HAMILTON COUNTY,36041,0.5086067915
NY,HERKIMER COUNTY,36043,1.464872718
NY,JEFFERSON COUNTY,36045,0.8530895114
NY,LEWIS COUNTY,36049,1.281974196
NY,LIVINGSTON COUNTY,36051,1.538301945
NY,MADISON COUNTY,36053,1.289450049
NY,MONROE COUNTY,36055,0.7482798696
NY,MONTGOMERY COUNTY,36057,0.8744819164
NY,NASSAU COUNTY,36059,0.5077983141
NY,NEW YORK COUNTY,36061,0.5443903804
NY,NIAGARA COUNTY,36063,0.5634196401
NY,ONEIDA COUNTY,36065,1.353531361
NY,ONONDAGA COUNTY,36067,1.637744188
NY,ONTARIO COUNTY,36069,1.181793571
NY,ORANGE COUNTY,36071,1.330109119
NY,ORLEANS COUNTY,36073,0.7321395278
NY,OSWEGO COUNTY,36075,0.5458153486
NY,OTSEGO COUNTY,36077,2.149223328
NY,PUTNAM COUNTY,36079,1.226496458
NY,RENSSELAER COUNTY,36083,1.502933979
NY,ROCKLAND COUNTY,36087,0.699744463
NY,ST. LAWRENCE COUNTY,36089,0.6784261465
NY,SARATOGA COUNTY,36091,0.9059933424
NY,SCHENECTADY COUNTY,36093,0.8327906132
NY,SCHOHARIE COUNTY,36095,1.514103651
NY,SCHUYLER COUNTY,36097,1.166790128
NY,SENECA COUNTY,36099,0.88522017
NY,STEUBEN COUNTY,36101,2.375324249
NY,SUFFOLK COUNTY,36103,0.5110121965
NY,SULLIVAN COUNTY,36105,0.96839207410000006
NY,TIOGA COUNTY,36107,2.00761199
NY,TOMPKINS COUNTY,36109,1.248227358
NY,ULSTER COUNTY,36111,1.172481656
NY,WARREN COUNTY,36113,0.7524080873
NY,WASHINGTON COUNTY,36115,1.216147661
NY,WAYNE COUNTY,36117,0.8938749433
NY,WESTCHESTER COUNTY,36119,0.7956361175
NY,WYOMING COUNTY,36121,1.836572051
NY,YATES COUNTY,36123,1.824200034
NC,ALAMANCE COUNTY,37001,0.4900101125
NC,ALEXANDER COUNTY,37003,1.149111509
NC,ALLEGHANY COUNTY,37005,2.335178375
NC,ASHE COUNTY,37009,1.295080543
NC,BUNCOMBE COUNTY,37021,1.652184725
NC,BURKE COUNTY,37023,1.393845439
NC,CABARRUS COUNTY,37025,0.6753027439
NC,CALDWELL COUNTY,37027,2.130410194
NC,CASWELL COUNTY,37033,1.510020614
NC,CATAWBA COUNTY,37035,1.096428156
NC,CHATHAM COUNTY,37037,0.5713102818
NC,CLAY COUNTY,37043,1.869992852
NC,CLEVELAND COUNTY,37045,1.671900749
NC,CUMBERLAND COUNTY,37051,0.8713163137
NC,DAVIDSON COUNTY,37057,0.6851748228
NC,DAVIE COUNTY,37059,0.9672738314
NC,DURHAM COUNTY,37063,0.7299878597
NC,FORSYTH COUNTY,37067,1.602119923
NC,FRANKLIN COUNTY,37069,1.62576139
NC,GASTON COUNTY,37071,1.173082829
NC,GUILFORD COUNTY,37081,0.6725002527
NC,HARNETT COUNTY,37085,0.4700103104
NC,HAYWOOD COUNTY,37087,1.395094395
NC,HENDERSON COUNTY,37089,2.829139709
NC,IREDELL COUNTY,37097,1.471045852
NC,JACKSON COUNTY,37099,1.067663431
NC,LEE COUNTY,37105,0.6034120321
NC,LINCOLN COUNTY,37109,1.538088322
NC,MCDOWELL COUNTY,37111,1.452547669
NC,MACON COUNTY,37113,1.281252384
NC,MECKLENBURG COUNTY,37119,0.9786343575
NC,MITCHELL COUNTY,37121,2.015404463
NC,MOORE COUNTY,37125,1.004179597
NC,NEW HANOVER COUNTY,37129,0.6100101471
NC,ONSLOW COUNTY,37133,0.5600102544
NC,ORANGE COUNTY,37135,1.016101122
NC,PERSON COUNTY,37145,1.44742167
NC,PITT COUNTY,37147,0.4400102198
NC,POLK COUNTY,37149,2.675627232
NC,RANDOLPH COUNTY,37151,1.201564074
NC,ROCKINGHAM COUNTY,37157,1.573245168
NC,ROWAN COUNTY,37159,0.799737215
NC,RUTHERFORD COUNTY,37161,1.494697213
NC,STANLY COUNTY,37167,1.507708549
NC,STOKES COUNTY,37169,0.9766862988
NC,SURRY COUNTY,37171,1.238791823
NC,TRANSYLVANIA COUNTY,37175,2.251125574
NC,UNION COUNTY,37179,0.9400100708
NC,VANCE COUNTY,37181,0.928516686
NC,WAKE COUNTY,37183,1.138580799
NC,WATAUGA COUNTY,37189,2.257391214
NC,WILKES COUNTY,37193,1.310024858
NC,WILSON COUNTY,37195,0.5998950601
NC,YADKIN COUNTY,37197,0.9272330999
ND,ADAMS COUNTY,38001,4.300452232
ND,BARNES COUNTY,38003,3.335175276
ND,BENSON COUNTY,38005,2.09133029
ND,BILLINGS COUNTY,38007,5.331085205
ND,BOTTINEAU COUNTY,38009,3.009426355
ND,BOWMAN COUNTY,38011,3.155555487
ND,BURLEIGH COUNTY,38015,2.223351002
ND,CASS COUNTY,38017,3.029543638
ND,CAVALIER COUNTY,38019,2.038824081
ND,DICKEY COUNTY,38021,3.32330513
ND,DUNN COUNTY,38025,3.177985907
ND,EDDY COUNTY,38027,2.911697626
ND,EMMONS COUNTY,38029,2.893441439
ND,GRAND FORKS COUNTY,38035,5.12876749
ND,GRANT COUNTY,38037,3.510008812
ND,GRIGGS COUNTY,38039,2.063047647
ND,HETTINGER COUNTY,38041,2.941554308
ND,LAMOURE COUNTY,38045,4.943322659
ND,MCHENRY COUNTY,38049,1.70482409
ND,MCLEAN COUNTY,38055,2.931508064
ND,MERCER COUNTY,38057,2.994949818
ND,MORTON COUNTY,38059,2.407433748
ND,MOUNTRAIL COUNTY,38061,2.633486748
ND,NELSON COUNTY,38063,3.795542002
ND,OLIVER COUNTY,38065,3.064129829
ND,PEMBINA COUNTY,38067,4.28064537
ND,PIERCE COUNTY,38069,1.658345103
ND,RAMSEY COUNTY,38071,2.764430761
ND,RENVILLE COUNTY,38075,2.246473312
ND,RICHLAND COUNTY,38077,3.188590288
ND,ROLETTE COUNTY,38079,2.275565624
ND,STARK COUNTY,38089,2.664930344
ND,STUTSMAN COUNTY,38093,2.517361879
ND,TRAILL COUNTY,38097,2.884829998
ND,WALSH COUNTY,38099,3.852390289
ND,WARD COUNTY,38101,2.010942221
ND,WELLS COUNTY,38103,1.672678113
ND,WILLIAMS COUNTY,38105,1.982873678
OH,ADAMS COUNTY,39001,1.061999917
OH,ALLEN COUNTY,39003,2.216097593
OH,ASHLAND COUNTY,39005,2.175812483
OH,ASHTABULA COUNTY,39007,0.7580490112
OH,ATHENS COUNTY,39009,1.409582734
OH,AUGLAIZE COUNTY,39011,2.135515451
OH,BELMONT COUNTY,39013,1.712112784
OH,BROWN COUNTY,39015,0.8849999905
OH,BUTLER COUNTY,39017,1.70626688
OH,CARROLL COUNTY,39019,3.586003542
OH,CHAMPAIGN COUNTY,39021,3.324698687
OH,CLARK COUNTY,39023,2.556464195
OH,CLERMONT COUNTY,39025,1.453344822
OH,CLINTON COUNTY,39027,2.283931971
OH,COLUMBIANA COUNTY,39029,1.748114705
OH,COSHOCTON COUNTY,39031,2.849286795
OH,CRAWFORD COUNTY,39033,2.840409994
OH,CUYAHOGA COUNTY,39035,0.7139616609
OH,DARKE COUNTY,39037,3.029974937
OH,DEFIANCE COUNTY,39039,1.53399992
OH,DELAWARE COUNTY,39041,2.896480799
OH,ERIE COUNTY,39043,1.786515236
OH,FAIRFIELD COUNTY,39045,3.617023706
OH,FAYETTE COUNTY,39047,1.887999892
OH,FRANKLIN COUNTY,39049,3.489731073
OH,FULTON COUNTY,39051,1.095628381
OH,GALLIA COUNTY,39053,1.287382007
OH,GEAUGA COUNTY,39055,0.8923546076
OH,GREENE COUNTY,39057,2.360653639
OH,GUERNSEY COUNTY,39059,1.577116847
OH,HAMILTON COUNTY,39061,0.9783280492
OH,HANCOCK COUNTY,39063,2.464593649
OH,HARDIN COUNTY,39065,2.267424583
OH,HARRISON COUNTY,39067,3.063730955
OH,HENRY COUNTY,39069,1.154599309
OH,HIGHLAND COUNTY,39071,1.916663289
OH,HOCKING COUNTY,39073,3.791439533
OH,HOLMES COUNTY,39075,2.41899991
OH,HURON COUNTY,39077,2.396592379
OH,JACKSON COUNTY,39079,1.094763517
OH,JEFFERSON COUNTY,39081,1.973015547
OH,KNOX COUNTY,39083,3.359265089
OH,LAKE COUNTY,39085,0.9149913788
OH,LAWRENCE COUNTY,39087,1.421129823
OH,LICKING COUNTY,39089,4.692303658
OH,LOGAN COUNTY,39091,2.227846622
OH,LORAIN COUNTY,39093,1.271786094
OH,LUCAS COUNTY,39095,1.271775484
OH,MADISON COUNTY,39097,2.201009035
OH,MAHONING COUNTY,39099,1.000666738
OH,MARION COUNTY,39101,2.803782225
OH,MEDINA COUNTY,39103,1.577646494
OH,MEIGS COUNTY,39105,0.9439999461
OH,MERCER COUNTY,39107,2.081052542
OH,MIAMI COUNTY,39109,3.484876633
OH,MONROE COUNTY,39111,2.123999834
OH,MONTGOMERY COUNTY,39113,1.905629992
OH,MORGAN COUNTY,39115,1.946999907
OH,MORROW COUNTY,39117,2.891000032
OH,MUSKINGUM COUNTY,39119,2.561253786
OH,NOBLE COUNTY,39121,1.769999981
OH,OTTAWA COUNTY,39123,1.230546236
OH,PAULDING COUNTY,39125,0.9439999461
OH,PERRY COUNTY,39127,1.479190588
OH,PICKAWAY COUNTY,39129,5.10154438
OH,PIKE COUNTY,39131,3.008999825
OH,PORTAGE COUNTY,39133,1.136384606
OH,PREBLE COUNTY,39135,3.510709763
OH,PUTNAM COUNTY,39137,2.480413198
OH,RICHLAND COUNTY,39139,2.34264636
OH,ROSS COUNTY,39141,3.005253553
OH,SANDUSKY COUNTY,39143,2.071391344
OH,SCIOTO COUNTY,39145,1.405618072
OH,SENECA COUNTY,39147,2.359605074
OH,SHELBY COUNTY,39149,3.079318523
OH,STARK COUNTY,39151,1.980366707
OH,SUMMIT COUNTY,39153,1.265585303
OH,TRUMBULL COUNTY,39155,0.9728372693
OH,TUSCARAWAS COUNTY,39157,2.710014105
OH,UNION COUNTY,39159,1.910040617
OH,VAN WERT COUNTY,39161,2.28891468
OH,VINTON COUNTY,39163,1.592999935
OH,WARREN COUNTY,39165,1.925726414
OH,WASHINGTON COUNTY,39167,1.608900666
OH,WAYNE COUNTY,39169,1.779061198
OH,WILLIAMS COUNTY,39171,1.404310822
OH,WOOD COUNTY,39173,1.769817948
OH,WYANDOT COUNTY,39175,2.419614792
OK,BLAINE COUNTY,40011,1.35459578
OK,BRYAN COUNTY,40013,0.8515009284
OK,CADDO COUNTY,40015,1.173998952
OK,CANADIAN COUNTY,40017,1.612595916
OK,CARTER COUNTY,40019,0.7483010292
OK,CHEROKEE COUNTY,40021,1.896393418
OK,CLEVELAND COUNTY,40027,0.9450545907
OK,COMANCHE COUNTY,40031,1.083699822
OK,CRAIG COUNTY,40035,1.277197599
OK,CREEK COUNTY,40037,0.6709011197
OK,CUSTER COUNTY,40039,1.29009831
OK,DELAWARE COUNTY,40041,1.496496916
OK,GARFIELD COUNTY,40047,1.399901986
OK,GARVIN COUNTY,40049,0.9418003559
OK,GRADY COUNTY,40051,1.315898418
OK,JACKSON COUNTY,40065,1.573895574
OK,JOHNSTON COUNTY,40069,1.006299973
OK,KAY COUNTY,40071,1.798159838
OK,KIOWA COUNTY,40075,1.746710062
OK,LE FLORE COUNTY,40079,0.8644007444
OK,LINCOLN COUNTY,40081,0.8257011175
OK,MCCLAIN COUNTY,40087,0.8902004957
OK,MCCURTAIN COUNTY,40089,0.9160003662
OK,MAYES COUNTY,40097,1.896395564
OK,MUSKOGEE COUNTY,40101,0.7354006171
OK,NOBLE COUNTY,40103,1.032099605
OK,NOWATA COUNTY,40105,0.61930269
OK,OKLAHOMA COUNTY,40109,0.9463388324
OK,OKMULGEE COUNTY,40111,0.6193015575
OK,OSAGE COUNTY,40113,1.070799589
OK,OTTAWA COUNTY,40115,0.903100431
OK,PAYNE COUNTY,40119,1.050724864
OK,PITTSBURG COUNTY,40121,0.7999007106
OK,PONTOTOC COUNTY,40123,0.735401094
OK,POTTAWATOMIE COUNTY,40125,0.799900651
OK,ROGERS COUNTY,40131,1.341697574
OK,SEQUOYAH COUNTY,40135,0.5806031227
OK,STEPHENS COUNTY,40137,0.7741011977
OK,TEXAS COUNTY,40139,1.75449419
OK,TULSA COUNTY,40143,0.9493482113
OK,WAGONER COUNTY,40145,0.967600286
OK,WASHINGTON COUNTY,40147,1.038937926
OK,WOODWARD COUNTY,40153,1.07079947
OR,CLATSOP COUNTY,41007,1.278709769
OR,DESCHUTES COUNTY,41017,0.8200101256
OR,JACKSON COUNTY,41029,0.9614771008
OR,KLAMATH COUNTY,41035,0.4609518647
OR,LANE COUNTY,41039,0.7956286073
OR,MARION COUNTY,41047,1.210009813
OR,MULTNOMAH COUNTY,41051,1.442510128
OR,WASHINGTON COUNTY,41067,1.004376292
PA,ADAMS COUNTY,42001,1.639357567
PA,ALLEGHENY COUNTY,42003,1.509348392
PA,ARMSTRONG COUNTY,42005,2.190232277
PA,BEAVER COUNTY,42007,2.464647293
PA,BEDFORD COUNTY,42009,2.740644455
PA,BERKS COUNTY,42011,3.146914721
PA,BLAIR COUNTY,42013,1.571692824
PA,BRADFORD COUNTY,42015,2.177878618
PA,BUCKS COUNTY,42017,1.822413564
PA,BUTLER COUNTY,42019,2.346824646
PA,CAMBRIA COUNTY,42021,1.471653223
PA,CAMERON COUNTY,42023,2.115639687
PA,CARBON COUNTY,42025,2.299259901
PA,CENTRE COUNTY,42027,4.642517567
PA,CHESTER COUNTY,42029,2.101394653
PA,CLARION COUNTY,42031,1.596258044
PA,CLEARFIELD COUNTY,42033,1.811860323
PA,CLINTON COUNTY,42035,2.677753687
PA,COLUMBIA COUNTY,42037,2.417253494
PA,CRAWFORD COUNTY,42039,1.270893693
PA,CUMBERLAND COUNTY,42041,4.902402401
PA,DAUPHIN COUNTY,42043,4.284764767
PA,DELAWARE COUNTY,42045,0.9888059497
PA,ELK COUNTY,42047,1.634417295
PA,ERIE COUNTY,42049,1.063144088
PA,FAYETTE COUNTY,42051,1.470459223
PA,FOREST COUNTY,42053,2.871831894
PA,FRANKLIN COUNTY,42055,4.007702827
PA,FULTON COUNTY,42057,4.745436668
PA,GREENE COUNTY,42059,1.574302912
PA,HUNTINGDON COUNTY,42061,2.449322224
PA,INDIANA COUNTY,42063,1.599601626
PA,JEFFERSON COUNTY,42065,2.318520546
PA,JUNIATA COUNTY,42067,3.050008059
PA,LACKAWANNA COUNTY,42069,1.177763343
PA,LANCASTER COUNTY,42071,4.186697483
PA,LAWRENCE COUNTY,42073,1.483938098
PA,LEBANON COUNTY,42075,5.425559521
PA,LEHIGH COUNTY,42077,4.718622684
PA,LUZERNE COUNTY,42079,1.323320508
PA,LYCOMING COUNTY,42081,2.446878433
PA,MCKEAN COUNTY,42083,1.062785506
PA,MERCER COUNTY,42085,1.239069223
PA,MIFFLIN COUNTY,42087,2.45152235
PA,MONROE COUNTY,42089,2.331957579
PA,MONTGOMERY COUNTY,42091,1.459827423
PA,MONTOUR COUNTY,42093,2.0590868
PA,NORTHAMPTON COUNTY,42095,3.026394844
PA,NORTHUMBERLAND COUNTY,42097,2.518857002
PA,PERRY COUNTY,42099,4.744882107
PA,PHILADELPHIA COUNTY,42101,0.8329758048
PA,PIKE COUNTY,42103,1.296846271
PA,POTTER COUNTY,42105,2.341337204
PA,SCHUYLKILL COUNTY,42107,3.235456944
PA,SNYDER COUNTY,42109,2.515658379
PA,SOMERSET COUNTY,42111,1.44510448
PA,SULLIVAN COUNTY,42113,2.500008106
PA,SUSQUEHANNA COUNTY,42115,1.545587182
PA,TIOGA COUNTY,42117,1.616141677
PA,UNION COUNTY,42119,3.231260061
PA,VENANGO COUNTY,42121,1.861772299
PA,WARREN COUNTY,42123,1.567816615
PA,WASHINGTON COUNTY,42125,1.458083034
PA,WAYNE COUNTY,42127,1.061903954
PA,WESTMORELAND COUNTY,42129,1.645855665
PA,WYOMING COUNTY,42131,1.467411757
PA,YORK COUNTY,42133,3.847523928
RI,BRISTOL COUNTY,44001,0.8365753293
RI,KENT COUNTY,44003,1.254843831
RI,NEWPORT COUNTY,44005,1.054291606
RI,PROVIDENCE COUNTY,44007,0.9220523238
RI,WASHINGTON COUNTY,44009,1.726847887
SC,ABBEVILLE COUNTY,45001,1.217999935
SC,AIKEN COUNTY,45003,0.8253490925
SC,ALLENDALE COUNTY,45005,0.7829999924
SC,ANDERSON COUNTY,45007,0.9813814163
SC,BAMBERG COUNTY,45009,0.7829999924
SC,BEAUFORT COUNTY,45013,0.7613704205
SC,BERKELEY COUNTY,45015,0.6462039948
SC,CALHOUN COUNTY,45017,0.7829999924
SC,CHARLESTON COUNTY,45019,0.6381702423
SC,CHEROKEE COUNTY,45021,1.04400003
SC,CHESTER COUNTY,45023,0.8318001628
SC,CLARENDON COUNTY,45027,0.7254503965
SC,DARLINGTON COUNTY,45031,0.7544665337
SC,DORCHESTER COUNTY,45035,0.6247373223
SC,EDGEFIELD COUNTY,45037,0.8700000048
SC,FLORENCE COUNTY,45041,0.64160043
SC,GEORGETOWN COUNTY,45043,0.2610000074
SC,GREENVILLE COUNTY,45045,1.621753812
SC,GREENWOOD COUNTY,45047,0.7769007087
SC,HORRY COUNTY,45051,0.4943703711
SC,KERSHAW COUNTY,45055,0.6089999676
SC,LAURENS COUNTY,45059,0.8930003047
SC,LEE COUNTY,45061,0.7829999924
SC,LEXINGTON COUNTY,45063,0.7666193843
SC,MARION COUNTY,45067,0.5220000148
SC,MARLBORO COUNTY,45069,0.5220000148
SC,NEWBERRY COUNTY,45071,1.305000067
SC,OCONEE COUNTY,45073,1.433906436
SC,ORANGEBURG COUNTY,45075,0.7770498991
SC,PICKENS COUNTY,45077,1.158103585
SC,RICHLAND COUNTY,45079,0.7589779496
SC,SALUDA COUNTY,45081,0.5220000148
SC,SPARTANBURG COUNTY,45083,1.354756951
SC,SUMTER COUNTY,45085,0.9495489597
SC,UNION COUNTY,45087,0.975200057
SC,YORK COUNTY,45091,1.063103318
SD,BROOKINGS COUNTY,46011,2.7609694
SD,BROWN COUNTY,46013,2.860787153
SD,DAVISON COUNTY,46035,2.796889544
SD,HUGHES COUNTY,46065,3.205098152
SD,HUTCHINSON COUNTY,46067,2.658607244
SD,MINNEHAHA COUNTY,46099,2.866676569
SD,PENNINGTON COUNTY,46103,3.468782663
SD,TODD COUNTY,46121,1.015009999
SD,YANKTON COUNTY,46135,5.327507019
TN,ANDERSON COUNTY,47001,2.06936264
TN,BEDFORD COUNTY,47003,1.661698103
TN,BLOUNT COUNTY,47009,1.948399901
TN,BRADLEY COUNTY,47011,1.144124269
TN,CAMPBELL COUNTY,47013,1.441883802
TN,CARTER COUNTY,47019,2.520884037
TN,CHEATHAM COUNTY,47021,0.8941776156
TN,CLAIBORNE COUNTY,47025,3.828166723
TN,COFFEE COUNTY,47031,1.232694745
TN,CUMBERLAND COUNTY,47035,0.9600100517
TN,DAVIDSON COUNTY,47037,2.404511213
TN,DICKSON COUNTY,47043,1.482126951
TN,FRANKLIN COUNTY,47051,1.895689011
TN,GIBSON COUNTY,47053,0.787001431
TN,GILES COUNTY,47055,2.128588438
TN,GREENE COUNTY,47059,1.439646721
TN,HAMBLEN COUNTY,47063,1.957302213
TN,HAMILTON COUNTY,47065,1.075610161
TN,HAWKINS COUNTY,47073,1.611718535
TN,HENRY COUNTY,47079,1.034527421
TN,HICKMAN COUNTY,47081,2.351151943
TN,JACKSON COUNTY,47087,1.477237225
TN,JEFFERSON COUNTY,47089,1.829975724
TN,KNOX COUNTY,47093,1.933864355
TN,LINCOLN COUNTY,47103,0.9547002912
TN,LOUDON COUNTY,47105,3.795707941
TN,MCMINN COUNTY,47107,1.49827373
TN,MADISON COUNTY,47113,1.044999599
TN,MARSHALL COUNTY,47117,1.701729298
TN,MAURY COUNTY,47119,3.139066935
TN,MONTGOMERY COUNTY,47125,1.420646906
TN,MOORE COUNTY,47127,1.779618144
TN,PUTNAM COUNTY,47141,1.303133845
TN,RHEA COUNTY,47143,1.659678936
TN,ROANE COUNTY,47145,2.385201216
TN,ROBERTSON COUNTY,47147,1.330985665
TN,RUTHERFORD COUNTY,47149,2.36286068
TN,SEVIER COUNTY,47155,2.246312141
TN,SHELBY COUNTY,47157,0.9302017689
TN,SULLIVAN COUNTY,47163,3.021706104
TN,SUMNER COUNTY,47165,1.725582123
TN,UNICOI COUNTY,47171,1.831890583
TN,WASHINGTON COUNTY,47179,2.661888838
TN,WHITE COUNTY,47185,1.917455912
TN,WILLIAMSON COUNTY,47187,2.386849642
TN,WILSON COUNTY,47189,1.3042202
TX,BELL COUNTY,48027,1.381854296
TX,BEXAR COUNTY,48029,0.970404923
TX,BOWIE COUNTY,48037,0.782055676
TX,BRAZORIA COUNTY,48039,0.6009560823
TX,BRAZOS COUNTY,48041,0.8372054696
TX,BREWSTER COUNTY,48043,2.61879468
TX,BURNET COUNTY,48053,1.315899491
TX,COLLIN COUNTY,48085,0.9963546395
TX,COMAL COUNTY,48091,1.199798465
TX,DALLAS COUNTY,48113,1.201942325
TX,DENTON COUNTY,48121,0.9884546399
TX,ECTOR COUNTY,48135,0.9805000424
TX,ELLIS COUNTY,48139,1.000010014
TX,EL PASO COUNTY,48141,0.7524758577
TX,FAYETTE COUNTY,48149,1.161098599
TX,FORT BEND COUNTY,48157,0.5924063325
TX,GALVESTON COUNTY,48167,0.530010283
TX,GARZA COUNTY,48169,1.715794325
TX,GRAYSON COUNTY,48181,1.199798226
TX,GREGG COUNTY,48183,0.8722054362
TX,HALE COUNTY,48189,4.539606571
TX,HARDIN COUNTY,48199,0.4713568091
TX,HARRIS COUNTY,48201,0.5627404451
TX,HARRISON COUNTY,48203,0.7519655228
TX,HAYS COUNTY,48209,1.148198605
TX,HENDERSON COUNTY,48213,0.735401988
TX,HIDALGO COUNTY,48215,0.7741016746
TX,HOWARD COUNTY,48227,1.116751194
TX,HUTCHINSON COUNTY,48233,1.483595014
TX,JASPER COUNTY,48241,0.541903317
TX,JEFF DAVIS COUNTY,48243,2.67037797
TX,JEFFERSON COUNTY,48245,0.4737058878
TX,KERR COUNTY,48265,1.367496848
TX,LLANO COUNTY,48299,1.560997963
TX,LUBBOCK COUNTY,48303,2.01490283
TX,MCCULLOCH COUNTY,48307,1.019199848
TX,MCLENNAN COUNTY,48309,1.139104724
TX,MASON COUNTY,48319,1.019199848
TX,MIDLAND COUNTY,48329,1.161099434
TX,MITCHELL COUNTY,48335,1.17399931
TX,MONTGOMERY COUNTY,48339,0.4949898422
TX,NUECES COUNTY,48355,0.7772055268
TX,PARKER COUNTY,48367,0.6900102496
TX,POTTER COUNTY,48375,2.928375244
TX,PRESIDIO COUNTY,48377,2.74779129
TX,RANDALL COUNTY,48381,3.766903162
TX,SAN SABA COUNTY,48411,0.9805000424
TX,SCURRY COUNTY,48415,1.159726858
TX,SMITH COUNTY,48423,0.5769055486
TX,TARRANT COUNTY,48439,0.9201517105
TX,TAYLOR COUNTY,48441,0.999904573
TX,TOM GREEN COUNTY,48451,0.9354047775
TX,TRAVIS COUNTY,48453,1.039913058
TX,VAN ZANDT COUNTY,48467,0.7000102401
TX,WEBB COUNTY,48479,0.6193022728
TX,WICHITA COUNTY,48485,1.290097237
TX,WILLIAMSON COUNTY,48491,1.165454745
TX,WOOD COUNTY,48499,0.5677028894
UT,BOX ELDER COUNTY,49003,2.947800159
UT,CACHE COUNTY,49005,2.039999962
UT,DAVIS COUNTY,49011,1.545365334
UT,DUCHESNE COUNTY,49013,1.264799953
UT,RICH COUNTY,49033,2.733599901
UT,SALT LAKE COUNTY,49035,1.673338175
UT,SEVIER COUNTY,49041,3.376199961
UT,SUMMIT COUNTY,49043,2.611199856
UT,UTAH COUNTY,49049,2.070600033
UT,WEBER COUNTY,49057,1.379017234
VT,ADDISON COUNTY,50001,0.8891525269
VT,BENNINGTON COUNTY,50003,1.110432148
VT,CALEDONIA COUNTY,50005,1.675223827
VT,CHITTENDEN COUNTY,50007,0.6040681601
VT,ESSEX COUNTY,50009,1.017179966
VT,FRANKLIN COUNTY,50011,0.6751528382
VT,GRAND ISLE COUNTY,50013,1.044355631
VT,LAMOILLE COUNTY,50015,1.0422599319999999
VT,ORANGE COUNTY,50017,1.537004828
VT,ORLEANS COUNTY,50019,0.8526681066
VT,RUTLAND COUNTY,50021,0.8408672214
VT,WASHINGTON COUNTY,50023,1.225786448
VT,WINDHAM COUNTY,50025,1.111860394
VT,WINDSOR COUNTY,50027,1.139186502
VA,ACCOMACK COUNTY,51001,0.6600102782
VA,ALBEMARLE COUNTY,51003,1.4209162
VA,ALLEGHANY COUNTY,51005,0.7385710478
VA,AMHERST COUNTY,51009,1.357023239
VA,APPOMATTOX COUNTY,51011,1.780009031
VA,AUGUSTA COUNTY,51015,2.142407894
VA,BOTETOURT COUNTY,51023,2.38587141
VA,BUCKINGHAM COUNTY,51029,0.9205031395
VA,CAROLINE COUNTY,51033,0.8491619825
VA,CARROLL COUNTY,51035,2.108411312
VA,CHESTERFIELD COUNTY,51041,1.533440351
VA,CLARKE COUNTY,51043,1.831600904
VA,CULPEPER COUNTY,51047,1.289506793
VA,DICKENSON COUNTY,51051,1.761478782
VA,FAIRFAX COUNTY,51059,1.310778141
VA,FAUQUIER COUNTY,51061,1.217159867
VA,FLOYD COUNTY,51063,1.44659543
VA,FLUVANNA COUNTY,51065,1.812969923
VA,FRANKLIN COUNTY,51067,1.553450227
VA,FREDERICK COUNTY,51069,2.169893265
VA,GILES COUNTY,51071,2.044816971
VA,GOOCHLAND COUNTY,51075,1.110009909
VA,GREENE COUNTY,51079,1.357098222
VA,HALIFAX COUNTY,51083,0.8438110948
VA,HANOVER COUNTY,51085,1.300670743
VA,HENRY COUNTY,51089,1.458213687
VA,JAMES CITY COUNTY,51095,0.7996377349
VA,KING AND QUEEN COUNTY,51097,1.278198838
VA,KING GEORGE COUNTY,51099,1.278198838
VA,LOUDOUN COUNTY,51107,1.32274127
VA,LOUISA COUNTY,51109,1.561563492
VA,MADISON COUNTY,51113,1.470243812
VA,MECKLENBURG COUNTY,51117,0.8433897495
VA,MONTGOMERY COUNTY,51121,2.58858633
VA,NELSON COUNTY,51125,1.112560511
VA,NEW KENT COUNTY,51127,0.87630701070000006
VA,NORTHAMPTON COUNTY,51131,0.5514622331
VA,NORTHUMBERLAND COUNTY,51133,0.6884271502
VA,ORANGE COUNTY,51137,1.30281353
VA,PAGE COUNTY,51139,1.744233489
VA,PITTSYLVANIA COUNTY,51143,1.675606251
VA,POWHATAN COUNTY,51145,0.6800102592
VA,PRINCE EDWARD COUNTY,51147,1.319992542
VA,PRINCE WILLIAM COUNTY,51153,1.298399448
VA,RAPPAHANNOCK COUNTY,51157,1.4927175049999999
VA,RICHMOND COUNTY,51159,1.398849726
VA,ROANOKE COUNTY,51161,1.665040731
VA,ROCKBRIDGE COUNTY,51163,1.776376367
VA,ROCKINGHAM COUNTY,51165,1.956404448
VA,RUSSELL COUNTY,51167,2.224179268
VA,SCOTT COUNTY,51169,3.246081591
VA,SHENANDOAH COUNTY,51171,1.848080993
VA,SMYTH COUNTY,51173,2.269881248
VA,SPOTSYLVANIA COUNTY,51177,1.102280378
VA,TAZEWELL COUNTY,51185,2.728328943
VA,WARREN COUNTY,51187,1.456338286
VA,WASHINGTON COUNTY,51191,3.316793442
VA,WESTMORELAND COUNTY,51193,0.976359129
VA,WISE COUNTY,51195,1.839537859
VA,WYTHE COUNTY,51197,2.525823593
WA,ASOTIN COUNTY,53003,0.663402319
WA,BENTON COUNTY,53005,0.9871084094
WA,CHELAN COUNTY,53007,1.431740284
WA,CLALLAM COUNTY,53009,0.5290030837
WA,CLARK COUNTY,53011,1.611495018
WA,COWLITZ COUNTY,53015,0.5141713023
WA,DOUGLAS COUNTY,53017,1.515840769
WA,FERRY COUNTY,53019,1.774726391
WA,FRANKLIN COUNTY,53021,1.280465007
WA,GRANT COUNTY,53025,1.153053284
WA,GRAYS HARBOR COUNTY,53027,0.4916245639
WA,KING COUNTY,53033,0.4344203174
WA,KITSAP COUNTY,53035,0.4173316061
WA,KLICKITAT COUNTY,53039,1.093943954
WA,LEWIS COUNTY,53041,0.8622097969
WA,LINCOLN COUNTY,53043,1.244814634
WA,MASON COUNTY,53045,0.4834074676
WA,OKANOGAN COUNTY,53047,1.599809885
WA,PEND OREILLE COUNTY,53051,2.504310846
WA,PIERCE COUNTY,53053,0.5441221595
WA,SKAMANIA COUNTY,53059,2.579847336
WA,SNOHOMISH COUNTY,53061,0.4009260833
WA,SPOKANE COUNTY,53063,3.14337635
WA,STEVENS COUNTY,53065,1.910856247
WA,THURSTON COUNTY,53067,0.6159083247
WA,WAHKIAKUM COUNTY,53069,0.612705946
WA,WALLA WALLA COUNTY,53071,1.09152782
WA,WHITMAN COUNTY,53075,1.399059892
WA,YAKIMA COUNTY,53077,1.043994665
WV,BARBOUR COUNTY,54001,1.617837191
WV,BERKELEY COUNTY,54003,2.932840586
WV,BOONE COUNTY,54005,1.057383299
WV,BRAXTON COUNTY,54007,1.652383924
WV,BROOKE COUNTY,54009,2.397295713
WV,CABELL COUNTY,54011,1.043773174
WV,FAYETTE COUNTY,54019,1.055436611
WV,GREENBRIER COUNTY,54025,3.081471205
WV,HAMPSHIRE COUNTY,54027,1.925202131
WV,HANCOCK COUNTY,54029,2.488308668
WV,HARDY COUNTY,54031,0.6898050904
WV,HARRISON COUNTY,54033,1.332128286
WV,JACKSON COUNTY,54035,1.414750934
WV,JEFFERSON COUNTY,54037,3.492732525
WV,KANAWHA COUNTY,54039,1.155076861
WV,LEWIS COUNTY,54041,1.244599819
WV,LOGAN COUNTY,54045,1.23849833
WV,MARION COUNTY,54049,1.327604651
WV,MARSHALL COUNTY,54051,1.236927152
WV,MERCER COUNTY,54055,1.284777164
WV,MINERAL COUNTY,54057,1.992584586
WV,MONONGALIA COUNTY,54061,1.160410166
WV,MONROE COUNTY,54063,1.276560068
WV,MORGAN COUNTY,54065,2.083734989
WV,NICHOLAS COUNTY,54067,1.702202439
WV,OHIO COUNTY,54069,1.4183954
WV,POCAHONTAS COUNTY,54075,1.223389983
WV,PRESTON COUNTY,54077,1.303715348
WV,PUTNAM COUNTY,54079,1.059427977
WV,RALEIGH COUNTY,54081,1.172811747
WV,RANDOLPH COUNTY,54083,1.691741586
WV,SUMMERS COUNTY,54089,1.238497376
WV,TAYLOR COUNTY,54091,1.100827932
WV,WAYNE COUNTY,54099,1.66347456
WV,WETZEL COUNTY,54103,1.045906067
WV,WOOD COUNTY,54107,1.048094511
WV,WYOMING COUNTY,54109,1.511019826
WI,ADAMS COUNTY,55001,0.7027786374
WI,BARRON COUNTY,55005,1.080177188
WI,BAYFIELD COUNTY,55007,1.270930886
WI,BROWN COUNTY,55009,1.426909089
WI,BURNETT COUNTY,55013,1.380356193
WI,CALUMET COUNTY,55015,2.301193714
WI,CHIPPEWA COUNTY,55017,1.708665371
WI,CLARK COUNTY,55019,0.6350102425
WI,COLUMBIA COUNTY,55021,1.392190337
WI,DANE COUNTY,55025,1.333386302
WI,DODGE COUNTY,55027,1.872043371
WI,DOOR COUNTY,55029,1.070442319
WI,DOUGLAS COUNTY,55031,0.8287172318
WI,DUNN COUNTY,55033,1.239155054
WI,EAU CLAIRE COUNTY,55035,1.600584269
WI,FLORENCE COUNTY,55037,1.097483635
WI,FOND DU LAC COUNTY,55039,1.297060013
WI,GRANT COUNTY,55043,2.547165155
WI,GREEN LAKE COUNTY,55047,1.867902756
WI,JEFFERSON COUNTY,55055,1.104870081
WI,JUNEAU COUNTY,55057,0.714933455
WI,KENOSHA COUNTY,55059,1.094761252
WI,KEWAUNEE COUNTY,55061,1.380009651
WI,LA CROSSE COUNTY,55063,1.311890364
WI,LANGLADE COUNTY,55067,1.480146408
WI,LINCOLN COUNTY,55069,1.185953975
WI,MANITOWOC COUNTY,55071,0.7821309566
WI,MARATHON COUNTY,55073,2.319417238
WI,MARINETTE COUNTY,55075,0.8769803643
WI,MILWAUKEE COUNTY,55079,1.259966135
WI,ONEIDA COUNTY,55085,1.162089467
WI,OUTAGAMIE COUNTY,55087,1.328506351
WI,OZAUKEE COUNTY,55089,1.691846848
WI,PIERCE COUNTY,55093,2.027217627
WI,POLK COUNTY,55095,1.415088058
WI,PORTAGE COUNTY,55097,2.106299639
WI,PRICE COUNTY,55099,1.942265987
WI,RACINE COUNTY,55101,1.372431397
WI,ROCK COUNTY,55105,2.070954323
WI,ST. CROIX COUNTY,55109,2.042367697
WI,SAUK COUNTY,55111,1.383685231
WI,SAWYER COUNTY,55113,1.26596117
WI,SHEBOYGAN COUNTY,55117,0.9051929712
WI,TAYLOR COUNTY,55119,1.320009708
WI,TREMPEALEAU COUNTY,55121,2.159621239
WI,VILAS COUNTY,55125,1.266063571
WI,WALWORTH COUNTY,55127,2.374300957
WI,WASHBURN COUNTY,55129,1.165903211
WI,WASHINGTON COUNTY,55131,1.225257874
WI,WAUKESHA COUNTY,55133,2.505671263
WI,WAUPACA COUNTY,55135,1.838746548
WI,WINNEBAGO COUNTY,55139,1.477893949
WI,WOOD COUNTY,55141,1.262503028
WY,ALBANY COUNTY,56001,1.646937013
WY,BIG HORN COUNTY,56003,1.595107794
WY,CAMPBELL COUNTY,56005,1.514159322
WY,CARBON COUNTY,56007,1.608477354
WY,CONVERSE COUNTY,56009,2.628053427
WY,CROOK COUNTY,56011,2.170035362
WY,FREMONT COUNTY,56013,2.804173231
WY,GOSHEN COUNTY,56015,2.128272533
WY,JOHNSON COUNTY,56019,1.401868939
WY,LARAMIE COUNTY,56021,1.310067177
WY,LINCOLN COUNTY,56023,2.144051075
WY,NATRONA COUNTY,56025,1.604421735
WY,NIOBRARA COUNTY,56027,1.890989184
WY,PARK COUNTY,56029,1.54449141
WY,PLATTE COUNTY,56031,1.335870504
WY,SHERIDAN COUNTY,56033,2.585233212
WY,SUBLETTE COUNTY,56035,0.949223876
WY,SWEETWATER COUNTY,56037,1.562414765
WY,TETON COUNTY,56039,3.618873835
WY,WASHAKIE COUNTY,56043,1.60801971
WY,WESTON COUNTY,56045,2.390827894
